"3","126.5281752","33.5163432"
"4","126.5462964","33.5075154"
"5","126.5284174","33.5174829"
"6","126.5284004","33.5176631"
"7","126.5474902","33.5064637"
"8","126.5270908","33.5158029"
"9","126.5244947","33.5163102"
"10","126.5291407","33.5169091"
"11","126.5284713","33.5179254"
"12","126.5292697","33.5163481"
"13","126.5382333","33.5173738"
"14","126.5284004","33.5176631"
"15","126.5477738","33.5068818"
"16","126.526744","33.5155635"
"17","126.5284004","33.5176631"
"18","126.5270364","33.5155173"
"19","126.5300186","33.5155347"
"21","126.85387","33.5246475"
"22","126.7069216","33.5535282"
"23","126.7099841","33.5536025"
"25","126.4848181","33.47265540000001"
"26","126.470717","33.4844631"
"27","126.4814126","33.4900761"
"28","126.4789173","33.4882352"
"29","126.4728779","33.4792895"
"30","126.4806338","33.4774943"
"31","126.4829022","33.4885752"
"33","126.4739051","33.4899109"
"35","126.4823926","33.4813926"
"36","126.4861501","33.4500595"
"38","126.4829777","33.48134110000001"
"39","126.4827451","33.4851798"
"40","126.480563","33.4870338"
"41","126.4861962","33.4700532"
"42","126.4770135","33.487157"
"44","126.4770165","33.48864100000001"
"45","126.4763794","33.4893282"
"46","126.481519","33.479356"
"47","126.4774074","33.4865947"
"48","126.4826639","33.4873678"
"49","126.4719751","33.4909978"
"50","126.4741589","33.4896778"
"52","126.4717107","33.4797692"
"54","126.4718625","33.4792121"
"55","126.4695449","33.4835074"
"56","126.4743326","33.4792515"
"57","126.4834219","33.4867839"
"58","126.4855928","33.4813037"
"59","126.4686459","33.4832402"
"60","126.4803929","33.4788455"
"62","126.4738266","33.4905834"
"63","126.4746628","33.4859759"
"64","126.4768766","33.4892586"
"66","126.4844018","33.4862414"
"67","126.4735975","33.4800314"
"68","126.4804727","33.4751419"
"69","126.5270324","33.4915146"
"70","126.5286391","33.4917314"
"71","126.5287361","33.4898149"
"72","126.5294867","33.4888231"
"73","126.5299969","33.4918629"
"74","126.4742764","33.5092872"
"75","126.4761741","33.509087"
"76","126.4820507","33.5093097"
"77","126.4675935","33.5039505"
"78","126.4706125","33.5042366"
"79","126.4638484","33.5045622"
"80","126.4717735","33.5088354"
"81","126.4656453","33.5063524"
"82","126.4636954","33.5037841"
"83","126.5894692","33.5169852"
"85","126.5790372","33.5166208"
"86","126.5806938","33.4978707"
"87","126.5985342","33.4885432"
"89","126.5168965","33.5177224"
"90","126.5207765","33.5176092"
"91","126.5190927","33.5176946"
"92","126.520307","33.510667"
"93","126.5186772","33.5180133"
"94","126.5178886","33.4985517"
"95","126.5175859","33.508981"
"96","126.5197312","33.505486"
"97","126.5831321","33.5215821"
"99","126.5665902","33.5167244"
"100","126.5873117","33.5245662"
"101","126.5925778","33.5268143"
"103","126.5430528","33.4924156"
"104","126.5435562","33.4850323"
"106","126.5427528","33.4860407"
"107","126.542677","33.4776561"
"108","126.5411458","33.4814679"
"109","126.4391936","33.4610749"
"110","126.3494447","33.4728044"
"112","126.3395966","33.419737"
"113","126.3550977","33.4746872"
"114","126.4130527","33.4819077"
"115","126.3388829","33.42007"
"116","126.4162692","33.4869526"
"117","126.4089878","33.4775698"
"118","126.3956176","33.4838101"
"119","126.3284335","33.4328857"
"120","126.3363418","33.466909"
"121","126.4974507","33.4865013"
"122","126.4889287","33.4863454"
"123","126.491751","33.488496"
"124","126.4994855","33.4818757"
"125","126.486614","33.4892707"
"126","126.4951893","33.4922709"
"128","126.4922124","33.4884626"
"130","126.494582","33.4826565"
"131","126.4915695","33.48110339999999"
"132","126.4911862","33.4811249"
"133","126.4972911","33.4913804"
"134","126.4905091","33.4815133"
"136","126.4910735","33.4907865"
"137","126.4932802","33.4838361"
"138","126.4919318","33.4774592"
"139","126.4966959","33.4807402"
"140","126.4975799","33.4858709"
"141","126.4894642","33.4815304"
"142","126.4919885","33.4900818"
"143","126.4902296","33.478963"
"144","126.4964171","33.4911453"
"145","126.4878068","33.481557"
"146","126.4926523","33.4935005"
"147","126.4905995","33.4811421"
"148","126.498071","33.4854098"
"149","126.4962656","33.4909506"
"150","126.494883","33.4923114"
"151","126.5000617","33.488392"
"153","126.4971265","33.4814162"
"154","126.4954286","33.4860864"
"155","126.4929834","33.4910333"
"156","126.4951175","33.4909502"
"157","126.4975769","33.4802532"
"158","126.4873105","33.4837418"
"159","126.4960531","33.4873715"
"160","126.4927615","33.4876344"
"161","126.4904237","33.4832135"
"162","126.4982744","33.4781781"
"164","126.4954118","33.4843876"
"165","126.5303691","33.4748006"
"166","126.5059634","33.4927782"
"167","126.5070561","33.4999552"
"169","126.5112553","33.4960469"
"170","126.5049877","33.4810532"
"171","126.511836","33.4955661"
"172","126.518754","33.4858923"
"173","126.5120062","33.4596254"
"174","126.5195932","33.4941877"
"175","126.5167227","33.4941615"
"176","126.5189813","33.49176240000001"
"177","126.5184706","33.489524"
"178","126.5200793","33.4941403"
"179","126.5111965","33.4968071"
"180","126.5179495","33.5113177"
"181","126.430415","33.49342910000001"
"182","126.4356509","33.4945113"
"183","126.4306187","33.4876257"
"184","126.4293749","33.4890689"
"185","126.4339345","33.4887179"
"186","126.4337377","33.4902661"
"187","126.4314675","33.4879312"
"188","126.4993699","33.5190034"
"189","126.5028735","33.5156901"
"190","126.4802212","33.5110314"
"191","126.4888403","33.5184877"
"192","126.5002822","33.5185294"
"193","126.4975553","33.5178156"
"194","126.4925543","33.5193867"
"195","126.4970605","33.5199139"
"196","126.4905034","33.5189127"
"197","126.492184","33.518826"
"198","126.5014242","33.5041092"
"199","126.5094037","33.5090883"
"200","126.5047973","33.5019637"
"201","126.5133397","33.515617"
"202","126.5035594","33.5037969"
"203","126.5105893","33.5009443"
"204","126.5116795","33.5106213"
"205","126.514067","33.5157609"
"206","126.493001","33.5194453"
"207","126.5128253","33.5036633"
"208","126.5145581","33.5066132"
"209","126.5151738","33.5163674"
"210","126.9444234","33.4956438"
"211","126.9517111","33.4933073"
"214","126.5355572","33.4885749"
"215","126.5314867","33.4987794"
"216","126.5427549","33.4933864"
"217","126.5422809","33.4891609"
"218","126.5375992","33.5038816"
"219","126.5371081","33.4976378"
"220","126.5315825","33.495332"
"221","126.5315825","33.495332"
"222","126.5369259","33.4865283"
"223","126.5367995","33.5040813"
"224","126.5431162","33.5014736"
"225","126.5375477","33.504256"
"226","126.5379262","33.49711190000001"
"227","126.5323485","33.4966845"
"228","126.5267753","33.499488"
"229","126.5380372","33.4972277"
"230","126.5424849","33.5020918"
"231","126.5310251","33.496099"
"232","126.5391675","33.4985474"
"233","126.5425712","33.5006675"
"234","126.5268772","33.5012887"
"235","126.5289562","33.501931"
"236","126.5271153","33.5054018"
"237","126.4577684","33.4901059"
"238","126.4679033","33.4942796"
"239","126.4596906","33.4942671"
"240","126.4633094","33.494267"
"241","126.4515591","33.4968019"
"242","126.5314224","33.5077438"
"243","126.5345046","33.5075576"
"244","126.545757","33.4985186"
"245","126.5304876","33.5072116"
"246","126.5387724","33.5121357"
"247","126.5384595","33.5064332"
"248","126.5261105","33.5134399"
"405","126.8333881","33.325279"
