"1","126.612797","33.2696416"
"2","126.4975457","33.2360566"
"6","126.5314842","33.24572320000001"
"7","126.7677738","33.3622306"
"8","126.8381047","33.352411"
"10","126.4278239","33.2555778"
"11","126.6002841","33.3069145"
"16","126.3924634","33.2644895"
"17","126.3084617","33.2299738"
"18","126.2437004","33.2327996"
"19","126.6227859","33.26521940000001"
"21","126.2571631","33.2116302"
"22","126.3659606","33.2423151"
"23","126.3649512","33.2414408"
"24","126.3650302","33.2415167"
"25","126.3892422","33.2452784"
"27","126.4147704","33.2566734"
"29","126.8442004","33.3398216"
"30","126.3072731","33.22930400000001"
"31","126.298865","33.249095"
"32","126.4453293","33.2422489"
"36","126.1915567","33.2782923"
"38","126.3641856","33.2840102"
"39","126.8413634","33.3835243"
"40","126.5874278","33.2501258"
"42","126.7610708","33.2937413"
"45","126.6520928","33.2725083"
"46","126.6520928","33.2725083"
"47","126.9213448","33.4360531"
"48","126.8021825","33.37619"
"50","126.7489917","33.2875595"
"51","126.3102824","33.2538251"
"52","126.8211948","33.3535797"
"53","126.453503","33.2538767"
"54","126.2505828","33.220969"
"55","126.5372872","33.2527276"
"56","126.36877","33.237826"
"59","126.9095538","33.4765538"
"60","126.3725128","33.2352551"
"61","126.8704889","33.3687238"
"63","126.5099704","33.2396772"
"64","126.2904973","33.2094646"
"65","126.8455104","33.3404324"
"66","126.690494","33.2713165"
"67","126.9078592","33.4641531"
"68","126.286787","33.209877"
"69","126.5688463","33.2440562"
"70","126.6226506","33.25168010000001"
"73","126.8395823","33.3500391"
"74","126.8779914","33.3840429"
"75","126.4754316","33.2365637"
"76","126.8555247","33.3391601"
"77","126.711164","33.3286747"
"78","126.5951962","33.2443512"
"79","126.4973513","33.2542557"
"80","126.4105812","33.2591516"
"81","126.9047711","33.4121987"
"82","126.7481364","33.3184254"
"83","126.3654192","33.2728298"
"84","126.692878","33.2775349"
"85","126.7780295","33.3076185"
"86","126.6414202","33.2657372"
"87","126.3338016","33.2410436"
"88","126.8062512","33.3050825"
"91","126.5134198","33.2343512"
"93","126.4192092","33.254265"
"94","126.412747","33.2623997"
"95","126.5913123","33.2458603"
"96","126.5913123","33.2458603"
"98","126.3333047","33.2529773"
"100","126.4103892","33.2592618"
"101","126.5063063","33.2316045"
"102","126.3134998","33.2769758"
"103","126.7028147","33.3311647"
"107","126.7727284","33.4134601"
"109","126.7702618","33.3350406"
"110","126.5874278","33.2501258"
"112","126.5901603","33.2720296"
"113","126.5899924","33.2452066"
"114","126.7103291","33.2754477"
"116","126.7097655","33.2971927"
"117","126.7114022","33.280948"
"118","126.7106245","33.2764291"
"119","126.597829","33.2412127"
"123","126.7114207","33.2767709"
"124","126.9044161","33.3995869"
"125","126.7474574","33.2886982"
"126","126.7104806","33.2752239"
"127","126.5460475","33.2704314"
"128","126.6578101","33.2695894"
"129","126.9166977","33.449491"
"130","126.5758111","33.2516824"
"132","126.6912091","33.272846"
"134","126.4181865","33.2586725"
"135","126.4374398","33.2509432"
"136","126.9146898","33.4615607"
"137","126.916895","33.4682223"
"139","126.4138418","33.265598"
"141","126.4131125","33.2584491"
"142","126.9154629","33.4351434"
"143","126.9208512","33.4357864"
"144","126.9176337","33.4351777"
"145","126.566125","33.2705438"
"146","126.5665718","33.2699981"
"147","126.566125","33.2705438"
"148","126.4357087","33.2396354"
"149","126.3750003","33.2353931"
"151","126.7624803","33.2921594"
"152","126.6409592","33.2634872"
"153","126.9207208","33.4685469"
"154","126.5158302","33.2607771"
"155","126.9301383","33.4701234"
"156","126.3858015","33.2421162"
"158","126.5049592","33.2421749"
"159","126.9210943","33.4376919"
"161","126.332101","33.2428528"
"162","126.9358773","33.4648811"
"163","126.1997011","33.2568116"
"164","126.484374","33.233888"
"166","126.292268","33.2130528"
"167","126.4782835","33.2302334"
"169","126.9358557","33.4647124"
"170","126.9211522","33.4354473"
"171","126.6039383","33.2403419"
"172","126.536134","33.2427315"
"173","126.2921599","33.2122165"
"174","126.2185715","33.2438648"
"175","126.5145864","33.2383881"
"176","126.5156483","33.2377679"
"177","126.8256265","33.3587033"
"178","126.9042194","33.4056442"
"180","126.6493818","33.2722796"
"182","126.3146142","33.2386241"
"184","126.8801726","33.3851735"
"186","126.3265081","33.2886934"
"188","126.1997011","33.2568116"
"191","126.5630898","33.2411065"
"193","126.8471166","33.3432713"
"194","126.748923","33.2861289"
"196","126.8524175","33.3404397"
"197","126.3085055","33.2361749"
"198","126.3908749","33.244774"
"199","126.3330875","33.2522985"
"201","126.7057667","33.2759215"
"202","126.3852784","33.2451213"
"203","126.8063255","33.3060146"
"204","126.9191542","33.4355309"
"206","126.8606034","33.3526123"
"207","126.8443512","33.4311796"
"208","126.3984739","33.2589708"
"209","126.3920709","33.249713"
"210","126.2739927","33.2491028"
"211","126.8654196","33.4028897"
"212","126.91243","33.4464585"
"214","126.9350943","33.4667192"
"215","126.8363559","33.323555"
"216","126.7226314","33.311317"
"217","126.41453","33.2655825"
"218","126.7378008","33.2841464"
"220","126.934068","33.4618866"
"221","126.9027773","33.4477313"
"222","126.6401281","33.264414"
"223","126.2768451","33.2164826"
"224","126.826617","33.3153748"
"225","126.52813","33.2704911"
"226","126.5313163","33.2412033"
"227","126.6083091","33.240427"
"228","126.7816477","33.3101281"
"229","126.2983614","33.2450192"
"230","126.3067594","33.244491"
"231","126.3360227","33.3084058"
"232","126.513732","33.2349239"
"233","126.3876102","33.2432264"
"234","126.59329","33.2439835"
"235","126.6411373","33.2682019"
"236","126.4632718","33.2536624"
"237","126.4140056","33.2628314"
"240","126.3692407","33.2394722"
"241","126.3086165","33.2292312"
"243","126.9160379","33.435254"
"244","126.4622922","33.2697013"
"245","126.259896","33.2259789"
"246","126.6212988","33.2585661"
"247","126.7967127","33.3071354"
"248","126.3639804","33.2365893"
"249","126.2571751","33.2238428"
"250","126.3863827","33.2436474"
"251","126.3654407","33.2357195"
"252","126.6738772","33.2701044"
"254","126.6232058","33.2732006"
"255","126.9098398","33.445718"
"256","126.5297308","33.2421447"
"258","126.3065651","33.2288607"
"259","126.5517997","33.2797689"
"260","126.363916","33.237087"
"261","126.7775276","33.3081888"
"262","126.4140721","33.2631875"
"263","126.5099011","33.2420512"
"264","126.772043","33.354023"
"266","126.4152804","33.2809541"
"267","126.8238921","33.3598374"
"268","126.4519659","33.2432558"
"269","126.7098019","33.2753873"
"270","126.3089407","33.2329545"
"271","126.8882086","33.3893139"
"272","126.2696079","33.1729041"
"275","126.5055885","33.2660288"
"278","126.4297716","33.2475387"
"279","126.4161229","33.2809017"
"280","126.3852784","33.2451213"
"281","126.6627718","33.3245683"
"282","126.8060008","33.3053343"
"284","126.8443579","33.3260298"
"286","126.8681259","33.3697202"
"288","126.8967741","33.4724105"
"289","126.4360843","33.2555333"
"290","126.5252672","33.2634878"
"293","126.7145621","33.2847098"
"294","126.3690405","33.2369659"
"296","126.5549317","33.2433507"
"297","126.8938612","33.4151682"
"298","126.4234624","33.2496885"
"299","126.2710076","33.1742353"
"301","126.9351852","33.4627122"
"304","126.3898456","33.2445569"
"306","126.6017908","33.2407091"
"307","126.817273","33.3327093"
"308","126.597256","33.2743179"
"309","126.5212779","33.2608203"
"310","126.4839221","33.2606833"
"311","126.9331541","33.4659731"
"312","126.562481","33.243229"
"313","126.4131122","33.2588846"
"314","126.3985163","33.2539587"
"315","126.4096486","33.261344"
"316","126.3966905","33.2628536"
"317","126.354249","33.2471067"
"318","126.4346358","33.2544421"
"319","126.3699416","33.2696174"
"322","126.9170314","33.4614018"
"323","126.4382654","33.2397576"
"324","126.2768451","33.2164826"
"326","126.5245445","33.2536833"
"327","126.5258473","33.2554677"
"329","126.2553461","33.2241742"
"330","126.2485325","33.2195995"
"332","126.5913123","33.2458603"
"333","126.2373843","33.2744538"
"335","126.4290091","33.2468583"
"338","126.5149128","33.2379268"
"339","126.8360166","33.3288029"
"340","126.8721195","33.4362355"
"341","126.3220253","33.2494781"
"344","126.332703","33.2416645"
"346","126.5241798","33.2456917"
"347","126.26718","33.1195245"
"348","126.6237211","33.2625934"
"350","126.3041056","33.2278994"
"353","126.5237019","33.2440586"
"354","126.8776612","33.3794633"
"355","126.2989561","33.2481936"
"357","126.9089509","33.4420013"
"360","126.6050569","33.2423948"
"361","126.9220768","33.4371243"
"363","126.8709323","33.3669218"
"364","126.8461386","33.3393112"
"365","126.7469756","33.2829039"
"368","126.9014617","33.4003714"
"369","126.9217198","33.4379867"
"370","126.8476938","33.3746291"
"371","126.8800495","33.3817822"
"372","126.7771496","33.4060609"
"373","126.3705509","33.2679584"
"374","126.3603865","33.25836"
"377","126.913556","33.4545731"
"380","126.8036608","33.3874358"
"382","126.2315851","33.2387359"
"383","126.4467566","33.2437471"
"384","126.5123772","33.251059"
"385","126.7448173","33.3763837"
"386","126.7448173","33.3763837"
"387","126.5137243","33.2366458"
"388","126.8266471","33.3335628"
"389","126.7196335","33.2782984"
"390","126.9149422","33.4480331"
"391","126.8338668","33.3113496"
"392","126.4101841","33.26069270000001"
"393","126.2722516","33.165419"
"394","126.3643857","33.2351647"
"395","126.3672304","33.234552"
"396","126.3605393","33.2371336"
"397","126.3880769","33.2371582"
"398","126.3330875","33.2522985"
"399","126.2954207","33.2352736"
"400","126.9340253","33.4636138"
"401","126.402394","33.25507"
"402","126.4420593","33.2538393"
"403","126.7722326","33.3084215"
"405","126.9065691","33.4433216"
"406","126.6688493","33.271697"
"407","126.5331469","33.2429262"
"408","126.2086225","33.26105769999999"
"409","126.8650783","33.3849507"
"410","126.3336256","33.2412161"
"411","126.9044161","33.3995869"
"412","126.8673095","33.3645608"
"414","126.8657705","33.3629274"
"415","126.8968889","33.4771045"
"416","126.9341907","33.46390460000001"
"417","126.710678","33.296482"
"418","126.4329114","33.2514975"
"420","126.9326241","33.4613801"
"421","126.6561578","33.2757801"
"422","126.362801","33.237762"
"423","126.919785","33.4689688"
"424","126.6200547","33.2521671"
"425","126.8761481","33.3798724"
"426","126.7977698","33.3862022"
"427","126.8935465","33.403877"
"428","126.6248486","33.2615952"
"429","126.1953562","33.2581612"
"430","126.4004365","33.2539916"
"431","126.6312","33.2836638"
"433","126.7756217","33.3567795"
"435","126.2452062","33.226317"
"436","126.5317043","33.2410716"
"437","126.6020025","33.2790868"
"438","126.4202655","33.2531677"
"439","126.4518026","33.2648062"
"440","126.474454","33.2384262"
"441","126.7185945","33.2805733"
"442","126.6405739","33.2648742"
"443","126.4150466","33.2555211"
"444","126.365346","33.2352729"
"445","126.5754223","33.2604067"
"446","126.9039573","33.4742207"
"447","126.6476953","33.2695113"
"448","126.5114174","33.25254590000001"
"449","126.712188","33.283945"
"450","126.93589","33.4650742"
"451","126.9158895","33.4580281"
"452","126.9132245","33.4626127"
"453","126.9223318","33.4698069"
"454","126.9152915","33.4618743"
"455","126.5783454","33.248428"
"456","126.6231511","33.2941165"
"457","126.838115","33.3249383"
"459","126.4148063","33.2572374"
"461","126.695081","33.271854"
"464","126.6061791","33.2420657"
"465","126.4264945","33.257787"
"466","126.9152605","33.4616892"
"467","126.880415","33.3811084"
"468","126.9139939","33.4610534"
"469","126.29779","33.232192"
"471","126.513592","33.2597351"
"473","126.9343266","33.462905"
"475","126.5718271","33.2891483"
"476","126.4139268","33.2573929"
"477","126.7123679","33.2762271"
"478","126.8283318","33.3638429"
"479","126.8036606","33.3876927"
"480","126.931438","33.4671313"
"483","126.2673483","33.1185369"
"484","126.2735968","33.1658596"
"485","126.5323277","33.2423819"
"486","126.4230473","33.2521905"
"488","126.3656658","33.2359019"
"490","126.6308387","33.2929825"
"491","126.404991","33.2589862"
"492","126.6370076","33.2639678"
"493","126.9208617","33.4362418"
"494","126.9206412","33.4364202"
"495","126.3232054","33.28356770000001"
"496","126.4393839","33.2392452"
"497","126.7468223","33.2829591"
"498","126.2508719","33.2184108"
"501","126.3323636","33.2415697"
"502","126.600177","33.2395738"
"503","126.8455104","33.3404324"
"505","126.8974593","33.4729278"
"506","126.9156308","33.4334922"
"507","126.9306344","33.4700285"
"508","126.7405489","33.2806372"
"509","126.3032072","33.228484"
"510","126.7340308","33.2812109"
"511","126.8053906","33.3062265"
"512","126.732908","33.390274"
"515","126.7449017","33.2883667"
"516","126.4441649","33.2624831"
"518","126.9331279","33.4652155"
"520","126.5061755","33.2424406"
"521","126.6742609","33.27298469999999"
"522","126.5182746","33.2686727"
"524","126.8360972","33.3248392"
"526","126.566774","33.2423734"
"527","126.9067239","33.4492394"
"528","126.9149699","33.4620428"
"531","126.9203704","33.468524"
"532","126.9203552","33.468183"
"533","126.9356025","33.4654477"
"534","126.663162","33.2894222"
"535","126.6627718","33.3245683"
"536","126.9359092","33.4661446"
"537","126.9225826","33.4691031"
"538","126.4172306","33.2557446"
"539","126.9353558","33.4652184"
"540","126.9322212","33.4662562"
"541","126.6550986","33.2708674"
"542","126.9333777","33.4649363"
"543","126.5679629","33.2432869"
"546","126.841868","33.322511"
"547","126.9306689","33.4679172"
"548","126.8374024","33.3125215"
"549","126.7895359","33.3456001"
"550","126.9360105","33.4642791"
"551","126.8454547","33.3264989"
"552","126.4294734","33.2570088"
"553","126.802713","33.3377641"
"554","126.4375907","33.2392073"
"555","126.842335","33.3250093"
"556","126.8915913","33.4389735"
"557","126.9065691","33.4433216"
"559","126.9330688","33.4631863"
"561","126.5726672","33.2695967"
"562","126.8021084","33.3379909"
"563","126.8024405","33.3379013"
"564","126.4379472","33.239494"
"565","126.4270418","33.2508391"
"566","126.9163156","33.4349796"
"568","126.8182695","33.3296244"
"569","126.4623222","33.2816423"
"571","126.2985545","33.2318212"
"572","126.3427434","33.2492132"
"573","126.2980828","33.2301423"
"574","126.3078602","33.2349693"
"575","126.2457706","33.2783905"
"577","126.3852784","33.2451213"
"578","126.2916465","33.2138512"
"579","126.8980564","33.4079339"
"580","126.5739819","33.3019397"
"582","126.7250674","33.3123076"
"584","126.5053609","33.2536832"
"588","126.3901103","33.2473623"
"589","126.4353135","33.2584326"
"590","126.402394","33.25507"
"591","126.4431142","33.2440938"
"592","126.402394","33.25507"
"593","126.5612778","33.2412208"
"594","126.5135585","33.2412411"
"595","126.6267989","33.2894793"
"596","126.6060099","33.240825"
"599","126.3084139","33.2310108"
"600","126.8482736","33.338855"
"601","126.3678986","33.233"
"604","126.55631","33.2416861"
"606","126.89991","33.4077466"
"607","126.402394","33.25507"
"608","126.5129775","33.2406409"
"609","126.5115629","33.2335798"
"610","126.2926903","33.2296348"
"611","126.2959157","33.2267769"
"612","126.8603347","33.3702566"
"613","126.2957073","33.2318219"
"614","126.5124066","33.2365318"
"615","126.5164294","33.2397355"
"616","126.8366934","33.3267724"
"620","126.9044161","33.3995869"
"622","126.9165263","33.4609321"
"623","126.6470007","33.2686896"
"625","126.4147545","33.2552938"
"626","126.9025826","33.4025335"
"628","126.2768451","33.2164826"
"629","126.3656681","33.2376203"
"630","126.2989561","33.2481936"
"632","126.5219919","33.2433387"
"633","126.7107131","33.2755419"
"636","126.8800495","33.3817822"
"637","126.8308552","33.3099373"
"638","126.5533987","33.2420328"
"639","126.9352404","33.4631283"
"640","126.3089637","33.232486"
"643","126.2918915","33.2151564"
"644","126.4853024","33.2501614"
"647","126.8335638","33.3112016"
"651","126.3085511","33.2325769"
"652","126.2983614","33.2450192"
"655","126.298865","33.249095"
"657","126.451766","33.2651754"
"658","126.3028999","33.2493817"
"659","126.4197741","33.2593057"
"660","126.8703286","33.3678216"
"661","126.7159187","33.2829693"
"662","126.3089904","33.23227"
"664","126.7018829","33.3153684"
"665","126.8958421","33.478205"
"666","126.3980675","33.2484452"
"668","126.929354","33.4596244"
"669","126.744813","33.284336"
"670","126.7489917","33.2875595"
"671","126.7500206","33.2879035"
"673","126.3902767","33.2515335"
"674","126.6879596","33.2753832"
"675","126.9149953","33.4606095"
"677","126.707391","33.280681"
"678","126.4198","33.2536928"
"679","126.615116","33.2788423"
"680","126.2730328","33.1661962"
"681","126.2700221","33.1741387"
"682","126.2693084","33.17352290000001"
"683","126.2730014","33.1663761"
"684","126.7915792","33.3180855"
"685","126.847704","33.4325601"
"686","126.4130358","33.2718999"
"689","126.9164708","33.4353858"
"690","126.2903538","33.2071934"
"691","126.9065101","33.4739808"
"692","126.4786022","33.2323948"
"693","126.8975324","33.4756559"
"694","126.19824","33.2653075"
"695","126.4670387","33.2416538"
"696","126.4074936","33.258746"
"697","126.9047711","33.4121987"
"698","126.3730938","33.233547"
"699","126.9342266","33.46184650000001"
"700","126.7179244","33.2781148"
"702","126.3337193","33.2519965"
"703","126.7703602","33.3054222"
"704","126.904123","33.4112641"
"705","126.8392345","33.3523639"
"706","126.6641899","33.2767692"
"708","126.8340326","33.3114774"
"709","126.3040302","33.2282509"
"710","126.4199736","33.2544217"
"711","126.7237613","33.2923557"
"713","126.5321723","33.2417922"
"714","126.3053015","33.2284675"
"715","126.9205399","33.4689889"
"716","126.3645791","33.2453433"
"717","126.9063078","33.4523977"
"718","126.3990704","33.2543499"
"719","126.4587356","33.244512"
"720","126.1973959","33.2701831"
"721","126.4014961","33.2587944"
"723","126.5932198","33.2437437"
"724","126.4573002","33.254271"
"725","126.6408254","33.2642999"
"726","126.8318867","33.3231767"
"727","126.878599","33.3833461"
"728","126.8049995","33.3053725"
"729","126.9044161","33.3995869"
"730","126.5612384","33.2410734"
"732","126.6279854","33.2900099"
"733","126.5134497","33.2351856"
"734","126.3353517","33.2416215"
"735","126.7828191","33.3104452"
"736","126.2988233","33.22674900000001"
"737","126.5089298","33.2319569"
"738","126.6882869","33.2753226"
"739","126.566832","33.2770021"
"740","126.5658746","33.2411386"
"742","126.6426731","33.2664055"
"743","126.586825","33.2720629"
"745","126.5763054","33.2522761"
"746","126.3761022","33.3325779"
"747","126.606393","33.2401476"
"749","126.8659652","33.3986798"
"750","126.3859064","33.2423033"
"751","126.3138272","33.2842856"
"752","126.3663329","33.2340101"
"754","126.7124662","33.3048367"
"755","126.4758451","33.2430314"
"756","126.6100897","33.2421595"
"758","126.5911818","33.2443698"
"760","126.7614581","33.2921673"
"763","126.3838962","33.2625599"
"764","126.7895359","33.3456001"
"765","126.8268547","33.3596544"
"766","126.43504","33.2391716"
"767","126.9029348","33.4005098"
"768","126.5002348","33.2325088"
"769","126.5367012","33.2504829"
"770","126.5298068","33.2413883"
"771","126.6042263","33.2423359"
"772","126.5576581","33.2419182"
"773","126.7483291","33.2877269"
"774","126.2323758","33.2400165"
"775","126.5479961","33.2710484"
"777","126.5526182","33.2424538"
"778","126.4133391","33.2583835"
"779","126.3359571","33.2419452"
"780","126.9154053","33.4682832"
"781","126.2750079","33.2474598"
"782","126.8506663","33.3437271"
"783","126.9336962","33.4647524"
"784","126.5115891","33.2397597"
"785","126.9346311","33.464215"
"788","126.6759842","33.2723079"
"789","126.8578971","33.353105"
"790","126.1911164","33.2759104"
"791","126.8144614","33.3310127"
"792","126.9331281","33.4622148"
"793","126.4162236","33.2550574"
"794","126.3671318","33.2341423"
"795","126.5228773","33.2591416"
"797","126.1923483","33.2792054"
"799","126.3220453","33.2492719"
"800","126.6429427","33.266458"
"801","126.6409867","33.2646217"
"803","126.4063198","33.2600383"
"804","126.3015025","33.2899193"
"805","126.5778287","33.2509844"
"806","126.9158524","33.4499155"
"807","126.9117771","33.4505173"
"808","126.6997188","33.2715279"
"809","126.6250639","33.273745"
"810","126.5636437","33.2808845"
"812","126.9219688","33.4362884"
"813","126.9157369","33.4336058"
"814","126.5671249","33.2451986"
"816","126.5300211","33.2418515"
"819","126.3664238","33.2348336"
"822","126.844675","33.324949"
"823","126.4834017","33.2600594"
"824","126.5053195","33.2436344"
"825","126.4596696","33.2449689"
"828","126.707391","33.280681"
"830","126.6693167","33.2718048"
"831","126.6563567","33.2694583"
"834","126.50878","33.2318082"
"835","126.4122661","33.2622908"
"836","126.8357825","33.3375159"
"838","126.3399985","33.2504712"
"839","126.402394","33.25507"
"841","126.5810461","33.2511591"
"843","126.5247763","33.2609602"
"844","126.921226","33.4358321"
"846","126.9348523","33.464252"
"847","126.88677","33.4745628"
"848","126.9341879","33.4615838"
"849","126.9335542","33.4661717"
"850","126.8441174","33.3521254"
"851","126.9340853","33.4646007"
"852","126.9331402","33.4627144"
"855","126.7118233","33.2766867"
"856","126.2667491","33.1145192"
"858","126.3964014","33.2524249"
"859","126.7777028","33.309561"
"860","126.2920739","33.2127779"
"861","126.4603195","33.2457839"
"862","126.7825663","33.3069985"
"863","126.3863939","33.2404109"
"864","126.2966466","33.2355381"
"865","126.432278","33.2548181"
"867","126.8751784","33.4374516"
"868","126.9030773","33.4009718"
"869","126.5532317","33.2557515"
"870","126.9071728","33.4456089"
"871","126.2657464","33.2270685"
"872","126.8439145","33.3749393"
"873","126.5219919","33.2433387"
"876","126.6063898","33.2751591"
"878","126.8501683","33.3441038"
"881","126.4112249","33.2572629"
"882","126.4947098","33.2524737"
"883","126.3390693","33.238843"
"884","126.5976772","33.2757012"
"886","126.9310221","33.4696405"
"887","126.5763442","33.2865954"
"889","126.4114485","33.2566491"
"890","126.4173829","33.2586063"
"891","126.5090469","33.2447115"
"892","126.5298113","33.2619422"
"893","126.5174062","33.24676340000001"
"894","126.1791461","33.26862070000001"
"895","126.8439152","33.4312197"
"896","126.7177018","33.2859026"
"897","126.3087019","33.2320957"
"898","126.6382129","33.2618028"
"899","126.7693695","33.3561172"
"900","126.3354066","33.2410461"
"901","126.5131968","33.2338978"
"902","126.3273201","33.2548479"
"904","126.3014508","33.249581"
"905","126.7754986","33.3588222"
"906","126.935603","33.4641782"
"908","126.8550509","33.3401511"
"909","126.3173932","33.2722795"
"910","126.4177893","33.254933"
"911","126.3661213","33.2344852"
"912","126.7104567","33.2978671"
"913","126.6222618","33.2916137"
"914","126.3083133","33.23072"
"915","126.9201102","33.4689428"
"916","126.5873228","33.2462086"
"917","126.4427367","33.266226"
"918","126.5975911","33.2432089"
"919","126.5675294","33.2759678"
"920","126.3380858","33.3066927"
"921","126.9153757","33.4510501"
"923","126.6927187","33.2997678"
"924","126.7687767","33.3005855"
"926","126.76751","33.351673"
"927","126.5516912","33.2661895"
"928","126.5917409","33.2929107"
"929","126.5426473","33.2637108"
"932","126.5152697","33.237318"
"934","126.9345401","33.4621558"
"935","126.5835608","33.2486038"
"939","126.4190681","33.255245"
"940","126.8149538","33.329788"
"941","126.7739965","33.3516197"
"942","126.8436516","33.3257518"
"943","126.8149538","33.329788"
"945","126.9345492","33.4658976"
"946","126.9209934","33.4379408"
"947","126.6948766","33.2727809"
"948","126.4174887","33.2548201"
"950","126.8379099","33.361898"
"952","126.307543","33.2342275"
"953","126.6020495","33.2421176"
"955","126.7816325","33.30867"
"957","126.3079911","33.2282886"
"959","126.8704889","33.3687238"
"960","126.4794332","33.2365108"
"962","126.6745873","33.26949889999999"
"963","126.5399425","33.2474727"
"964","126.4129493","33.2562607"
"965","126.6530154","33.2729546"
"968","126.3664832","33.2344079"
"969","126.9319755","33.4669881"
"971","126.5287731","33.2649088"
"972","126.7166153","33.2808477"
"973","126.8061357","33.3044177"
"974","126.8995668","33.3984783"
"975","126.528115","33.2497604"
"979","126.3852784","33.2451213"
"980","126.7742979","33.3500484"
"983","126.8413634","33.3835243"
"984","126.1997011","33.2568116"
"985","126.7108113","33.2753635"
"986","126.9349606","33.4660418"
"987","126.8128447","33.3072627"
"988","126.5405194","33.2467203"
"989","126.6726768","33.2714855"
"990","126.2673696","33.22602639999999"
"991","126.6898633","33.274342"
"992","126.5799583","33.2830375"
"993","126.8768829","33.3832449"
"994","126.6409082","33.2630412"
"996","126.7895359","33.3456001"
"998","126.1911428","33.2767636"
"999","126.931592","33.460873"
"1000","126.9167859","33.44741"
"1001","126.934412","33.4626911"
"1002","126.8808372","33.38070190000001"
"1003","126.7801429","33.3076844"
"1004","126.9345018","33.4617722"
"1005","126.9340709","33.4620002"
"1007","126.8799433","33.384286"
"1008","126.3020117","33.2278411"
"1009","126.8291708","33.3290226"
"1011","126.3661192","33.2379445"
"1012","126.4198762","33.2541121"
"1013","126.8282566","33.3169961"
"1015","126.8432904","33.3250443"
"1017","126.6163816","33.3030565"
"1018","126.8355519","33.3592801"
"1019","126.2576906","33.2116934"
"1020","126.6450999","33.2685508"
"1025","126.9217273","33.4376406"
"1026","126.3639623","33.237276"
"1027","126.6445661","33.2687163"
"1029","126.916554","33.4611307"
"1030","126.1761741","33.270743"
"1031","126.1904113","33.256242"
"1032","126.7100827","33.275126"
"1033","126.3897123","33.2453287"
"1034","126.3873187","33.2370816"
"1036","126.6965499","33.2761822"
"1037","126.5399668","33.2472404"
"1039","126.3630189","33.2466752"
"1040","126.8366585","33.3262429"
"1041","126.53185","33.2407903"
"1042","126.6411373","33.2682019"
"1043","126.5448678","33.2805336"
"1044","126.8046111","33.3516774"
"1045","126.2553306","33.2233301"
"1046","126.4143604","33.2615448"
"1047","126.3727477","33.2655944"
"1048","126.3329674","33.246046"
"1049","126.8703302","33.366864"
"1050","126.4774238","33.2492528"
"1051","126.253272","33.2159986"
"1052","126.864433","33.3588533"
"1053","126.3366793","33.3000644"
"1054","126.4111809","33.2569666"
"1055","126.9067464","33.4526793"
"1056","126.9144475","33.4595074"
"1057","126.342428","33.3195978"
"1058","126.7978382","33.3902124"
"1059","126.812897","33.3692016"
"1060","126.5102992","33.2418585"
"1061","126.3034679","33.228035"
"1062","126.6621745","33.2725243"
"1064","126.5670813","33.2700851"
"1066","126.1907986","33.256089"
"1067","126.266121","33.1174776"
"1068","126.2667062","33.1182836"
"1069","126.2661227","33.1176633"
"1070","126.2659466","33.1168639"
"1071","126.7191877","33.3137304"
"1075","126.8581155","33.3719858"
"1076","126.7667022","33.3007453"
"1077","126.3981795","33.25265520000001"
"1078","126.8081078","33.3989698"
"1079","126.3636731","33.237247"
"1080","126.2585503","33.2141957"
"1081","126.4272375","33.2580651"
"1084","126.2499531","33.22048770000001"
"1087","126.5986874","33.2422835"
"1088","126.4370293","33.2406094"
"1089","126.3249237","33.2414797"
"1090","126.6198139","33.2536971"
"1091","126.3736663","33.2653621"
"1092","126.8412927","33.3493861"
"1094","126.8699298","33.3672553"
"1096","126.5223479","33.2583356"
"1097","126.7376263","33.2834423"
"1098","126.589388","33.2559749"
"1099","126.3363101","33.2397924"
"1100","126.5854644","33.2479366"
"1101","126.8999933","33.4127423"
"1103","126.299013","33.2374078"
"1104","126.6799965","33.2713617"
"1105","126.5220969","33.258073"
"1106","126.9093351","33.4782902"
"1108","126.9347408","33.4629013"
"1109","126.9059016","33.4641865"
"1110","126.364322","33.2363359"
"1111","126.8378305","33.3593041"
"1112","126.5140775","33.2353004"
"1113","126.6023462","33.2387769"
"1114","126.7025483","33.3311997"
"1115","126.8815411","33.3985741"
"1116","126.6735872","33.2701184"
"1117","126.275216","33.1678565"
"1118","126.2613116","33.2253441"
"1121","126.4919176","33.2572256"
"1123","126.9004583","33.4456992"
"1124","126.9325264","33.4606616"
"1125","126.7771496","33.4060609"
"1126","126.313722","33.2787612"
"1127","126.9353907","33.4639456"
"1128","126.5051929","33.2430676"
"1129","126.7124943","33.2764638"
"1130","126.7600179","33.2941771"
"1131","126.4729154","33.2653883"
"1134","126.896725","33.40253450000001"
"1135","126.4164994","33.255829"
"1137","126.8662037","33.3645696"
"1138","126.9171053","33.4716377"
"1140","126.9302804","33.4699929"
"1141","126.9312556","33.46017"
"1142","126.9329625","33.4622982"
"1143","126.8797266","33.38425429999999"
"1144","126.932863","33.4660255"
"1147","126.7738019","33.4151044"
"1148","126.7978351","33.3313587"
"1149","126.4277258","33.258541"
"1150","126.6014351","33.2790651"
"1151","126.6223908","33.2516908"
"1152","126.2666522","33.2258532"
"1153","126.513206","33.2359288"
"1155","126.3377999","33.2402144"
"1156","126.9330512","33.4613784"
"1157","126.5620119","33.2440964"
"1160","126.5155825","33.2442"
"1163","126.3912767","33.2452714"
"1166","126.5323378","33.25159370000001"
"1168","126.4789211","33.2323789"
"1170","126.509606","33.2396503"
"1171","126.4509674","33.2862076"
"1172","126.6621696","33.2764346"
"1176","126.292751","33.2231993"
"1177","126.8239316","33.3605771"
"1181","126.8253843","33.3604926"
"1183","126.674363","33.2734699"
"1184","126.8387599","33.351456"
"1185","126.913392","33.4659105"
"1186","126.2599015","33.2124826"
"1188","126.7324532","33.2819551"
"1189","126.565877","33.271404"
"1190","126.412615","33.2619283"
"1191","126.2990167","33.2260647"
"1193","126.5267575","33.2589046"
"1195","126.911073","33.4416129"
"1196","126.2565679","33.2252525"
"1199","126.7812375","33.3085778"
"1200","126.5889007","33.2750197"
"1205","126.3046261","33.2397811"
"1206","126.5646446","33.2544876"
"1208","126.342428","33.3195978"
"1210","126.4915985","33.2550002"
"1211","126.3039897","33.2394018"
"1215","126.3083554","33.2367764"
"1216","126.2970216","33.2463108"
"1217","126.5289509","33.2480275"
"1218","126.707391","33.280681"
"1219","126.7241766","33.2904485"
"1220","126.6977757","33.3362835"
"1222","126.3148644","33.2798577"
"1223","126.9134076","33.467502"
"1227","126.6012828","33.3254654"
"1228","126.5145411","33.2446817"
"1231","126.5037011","33.2495141"
"1232","126.609829","33.2746746"
"1233","126.4353135","33.2584326"
"1235","126.6992862","33.2756591"
"1236","126.8994391","33.4016122"
"1237","126.7983666","33.3355222"
"1240","126.82385","33.3510659"
"1242","126.5123972","33.2336015"
"1243","126.2995026","33.2273975"
"1244","126.4183584","33.2570563"
"1245","126.4510473","33.2633327"
"1246","126.4519047","33.3022299"
"1247","126.419654","33.2543554"
"1248","126.5317333","33.2410946"
"1251","126.5903336","33.2464763"
"1252","126.7201363","33.2780466"
"1253","126.7109459","33.2959968"
"1255","126.2959547","33.235546"
"1256","126.3037125","33.2394792"
"1258","126.6213171","33.254188"
"1261","126.5860698","33.2459221"
"1262","126.5878335","33.2457447"
"1263","126.5273789","33.5049614"
"1264","126.5263377","33.513559"
"1265","126.52674","33.513891"
"1266","126.5291897","33.5158612"
"1267","126.529395","33.4984463"
"1268","126.5306912","33.5161783"
"1269","126.5310362","33.5162077"
"1270","126.513052","33.5144433"
"1271","126.5274781","33.501707"
"1272","126.2644234","33.4166686"
"1273","126.6678068","33.542134"
"1274","126.5262064","33.5058769"
"1275","126.5272069","33.5146665"
"1276","126.527309","33.5017167"
"1277","126.5308855","33.5033414"
"1278","126.5170733","33.5095699"
"1279","126.5231539","33.4994404"
"1280","126.526486","33.5024615"
"1281","126.5297727","33.5148025"
"1282","126.5274993","33.5071879"
"1283","126.5266109","33.499853"
"1284","126.5288514","33.512635"
"1285","126.5248464","33.5103659"
"1286","126.5190984","33.5096572"
"1287","126.5275584","33.5042071"
"1288","126.5266418","33.4999354"
"1289","126.5283115","33.5009794"
"1290","126.5265392","33.49945270000001"
"1291","126.5299668","33.515096"
"1292","126.493568","33.4895871"
"1293","126.527044","33.5136088"
"1294","126.4880265","33.4905239"
"1295","126.4967493","33.48400540000001"
"1296","126.5257133","33.5067817"
"1297","126.4941203","33.4895695"
"1298","126.5293882","33.4998634"
"1299","126.5209911","33.5140425"
"1300","126.5254106","33.5160615"
"1301","126.4887056","33.4847577"
"1302","126.5281087","33.5062872"
"1303","126.5279501","33.4996363"
"1304","126.5203217","33.5139137"
"1305","126.5276315","33.5023075"
"1306","126.5253013","33.4995363"
"1307","126.494027","33.4901102"
"1308","126.4917513","33.4884957"
"1309","126.4948344","33.4900217"
"1310","126.4964178","33.4913572"
"1311","126.51793","33.5090013"
"1312","126.5245831","33.5157929"
"1313","126.5244289","33.49958"
"1314","126.5257906","33.5121226"
"1315","126.5272606","33.5020326"
"1316","126.5287443","33.5134938"
"1317","126.2637485","33.4173596"
"1318","126.4972969","33.4932864"
